,precision,recall,f1-score,support
code,0.0,0.0,0.0,2.0
document,0.5,0.375,0.42857142857142855,8.0
web,0.0,0.0,0.0,1.0
accuracy,0.2727272727272727,0.2727272727272727,0.2727272727272727,0.2727272727272727
macro avg,0.16666666666666666,0.125,0.14285714285714285,11.0
weighted avg,0.36363636363636365,0.2727272727272727,0.3116883116883117,11.0
